seqIndex,prediction,distToMargin,P(-1),P(+1)
43,1,0.7007864544375989,0.08797293900069957,0.9120270609993004
45,1,0.6446286481818255,0.10398530905519021,0.8960146909448098
273,1,0.6390720819124928,0.10570354764119182,0.8942964523588081
44,1,0.638915046693118,0.10575247152499233,0.8942475284750078
118,1,0.6317894266954367,0.1079936812424141,0.892006318757586
120,1,0.6156137784351435,0.113237864034297,0.8867621359657029
345,1,0.6131549873413137,0.11405432181728453,0.8859456781827156
339,1,0.6114001136657324,0.11464019246185123,0.8853598075381488
117,1,0.5593834033959594,0.13323553597017648,0.8667644640298235
194,1,0.526773590123812,0.14615794227494633,0.8538420577250536
191,1,0.49988486195615023,0.15758093959141856,0.8424190604085813
51,1,0.4564872265823688,0.17752924773592382,0.8224707522640764
267,1,0.4394184397609034,0.18589747016550978,0.8141025298344903
126,1,0.42926119964249887,0.19101891581124322,0.808981084188757
200,1,0.3938449395998175,0.2097091546663986,0.7902908453336013
42,1,0.38888288125414666,0.21243149744923068,0.7875685025507693
192,1,0.38068773035562925,0.21698349235543063,0.7830165076445693
119,1,0.3745769676405787,0.2204229982285165,0.7795770017714835
265,1,0.3606418802618276,0.22841101377857814,0.771588986221422
193,1,0.35451266529167436,0.23198795667515285,0.7680120433248472
190,1,0.3317130842160958,0.24563226277493255,0.7543677372250676
54,1,0.2899881294635765,0.2719643203480148,0.7280356796519855
263,1,0.28931655354430397,0.27240226833673514,0.7275977316632648
337,1,0.28856029268962047,0.272895967926375,0.727104032073625
266,1,0.27991175264062523,0.27858138289011286,0.721418617109887
264,1,0.2667255511353391,0.2873880832405698,0.7126119167594299
129,1,0.26024990766454725,0.2917732236994729,0.7082267763005271
336,1,0.25201815850295833,0.29740388848930444,0.7025961115106957
41,1,0.24685123594296393,0.3009699566958081,0.6990300433041919
344,1,0.24160887928070968,0.30461283098355646,0.6953871690164435
201,1,0.23679537660084876,0.3079794012939867,0.6920205987060131
340,1,0.2307097633080477,0.3122650576913356,0.6877349423086646
274,1,0.2204541785881045,0.31956024662986393,0.6804397533701364
124,1,0.19699500364797776,0.3365795153647889,0.6634204846352111
56,1,0.19421757779969315,0.3386239611069026,0.6613760388930975
136,1,0.1846595271675187,0.3457053783751326,0.6542946216248671
128,1,0.1820181214920712,0.34767464673255105,0.652325353267449
55,1,0.15975788210278,0.36147626701384455,0.6385237329861553
116,1,0.15914446521013126,0.3619846738457802,0.6380153261542199
202,1,0.15659156258556137,0.36409925928145564,0.6359007407185445
198,1,0.14529847328714143,0.37342976384090976,0.6265702361590901
268,1,0.1398848399599559,0.3778900045323366,0.6221099954676632
338,1,0.13798465251058287,0.37945379285349307,0.6205462071465069
203,1,0.13197421333315953,0.3843946186565728,0.615605381343427
271,1,0.12503018683272502,0.3900933800276093,0.6099066199723906
346,1,0.1168325381231701,0.39680985801096297,0.6031901419890371
50,1,0.1122214780451152,0.4005834204336569,0.5994165795663431
352,1,0.10552846556732662,0.40605637426859853,0.5939436257314014
131,1,0.10414568990202558,0.4071865445063737,0.5928134554936263
269,1,0.10291915890585408,0.4081888807252757,0.5918111192747241
210,1,0.09903198349833851,0.4113648061373454,0.5886351938626546
343,1,0.08982472649570201,0.4188842833173907,0.5811157166826094
283,1,0.08135969954120084,0.4257960334188653,0.5742039665811348
335,1,0.07697662159826932,0.42937508019281984,0.5706249198071803
46,1,0.07078089896454716,0.43443527821911654,0.5655647217808835
49,1,0.06371515303669197,0.440208371900336,0.559791628099664
125,1,0.05318801636169676,0.44881615099129424,0.5511838490087057
276,1,0.05212399052293454,0.44968669706583997,0.5503133029341601
341,1,0.0488696013753174,0.4523499660405719,0.5476500339594281
275,1,0.03791252874766347,0.4613244597275607,0.5386755402724394
130,1,0.030798438150841573,0.4671578971892647,0.5328421028107353
199,1,0.026288368538154763,0.47085875261483195,0.529141247385168
61,1,0.01661841262736708,0.47880026490215644,0.5211997350978435
142,1,0.012070849351247996,0.48253777869401443,0.5174622213059855
121,1,0.009442284026598859,0.4846988308563604,0.5153011691436397
209,-1,-0.0035310449898837085,0.5,0.5
196,-1,-0.008109777019328206,0.5,0.5
272,-1,-0.012382741141293495,0.5,0.5
52,-1,-0.013721949587720548,0.5,0.5
205,-1,-0.01675496320089641,0.5062520202387448,0.4937479797612553
127,-1,-0.018808432269389573,0.5079414696692531,0.492058530330747
10,-1,-0.022054520156978345,0.510611699012706,0.48938830098729397
355,-1,-0.029084902609902943,0.5163922964423933,0.48360770355760674
347,-1,-0.03735409201596568,0.5231846534259902,0.4768153465740098
204,-1,-0.04698445577266987,0.531081262680695,0.46891873731930495
85,-1,-0.051502400096531925,0.5347791081179857,0.4652208918820142
354,-1,-0.055708375924206355,0.5382169582990969,0.4617830417009033
195,-1,-0.05638800942090974,0.5387720133473209,0.461227986652679
58,-1,-0.057372347292932536,0.5395756816607638,0.46042431833923625
84,-1,-0.05861279739753726,0.5405880433219239,0.4594119566780761
53,-1,-0.05884907033315163,0.5407808184289151,0.45921918157108493
348,-1,-0.06186496439400876,0.5432399419330521,0.4567600580669476
62,-1,-0.062037571822585236,0.543380594926435,0.456619405073565
282,-1,-0.062106221166135636,0.5434365326215749,0.4565634673784251
138,-1,-0.06809126048895317,0.5483070465133361,0.45169295348666405
63,-1,-0.06864296194582177,0.548755355068312,0.4512446449316879
280,-1,-0.0698482050235541,0.549734321014801,0.45026567898519887
65,-1,-0.07362220240853587,0.5527960412618713,0.4472039587381285
350,-1,-0.07755638289231717,0.5559813486461463,0.44401865135385366
158,-1,-0.08384211462914273,0.5610559707567321,0.438944029243268
64,-1,-0.08947621931554439,0.5655878981083932,0.4344121018916067
68,-1,-0.09826861218903918,0.5726256187845452,0.42737438121545474
287,-1,-0.10485596320405585,0.5778680956838695,0.4221319043161303
57,-1,-0.11461015946396053,0.5855786047744678,0.41442139522553234
281,-1,-0.11770346275155866,0.5880099124027014,0.41199008759729855
207,-1,-0.11889429387389468,0.5889440350193247,0.41105596498067515
278,-1,-0.12280972032543584,0.5920079541905396,0.4079920458094602
132,-1,-0.13029005757385717,0.5978286637457519,0.4021713362542481
137,-1,-0.1327714261928173,0.5997496565773123,0.40025034342268784
211,-1,-0.13575881208828217,0.6020556947224093,0.3979443052775906
47,-1,-0.1410968108392107,0.6061576120369045,0.39384238796309534
215,-1,-0.14875611500956076,0.612000361146166,0.387999638853834
351,-1,-0.15069268881771095,0.613469421196526,0.3865305788034741
277,-1,-0.1574616182330193,0.6185775608138995,0.3814224391861005
262,-1,-0.17067787669227497,0.6284283529365831,0.3715716470634169
212,-1,-0.1739871306716999,0.6308689019986433,0.3691310980013566
353,-1,-0.17429588088824996,0.631096064191591,0.3689039358084089
135,-1,-0.1827882934690721,0.6373080179219165,0.36269198207808345
133,-1,-0.18523411015172012,0.6390839861529175,0.3609160138470824
197,-1,-0.1872880219278281,0.6405708398332021,0.35942916016679777
279,-1,-0.19183283302247026,0.6438461047014103,0.35615389529858965
139,-1,-0.19567034231983033,0.6465957485440588,0.35340425145594134
334,-1,-0.19878194772264118,0.6488145638311994,0.3511854361688006
122,-1,-0.21063594930610385,0.6571795057680729,0.3428204942319271
358,-1,-0.22165792803624557,0.6648328328364663,0.33516716716353356
67,-1,-0.2311698149294669,0.671342082812799,0.32865791718720105
159,-1,-0.2312235938095004,0.6713786358680895,0.3286213641319103
270,-1,-0.23424818787146315,0.6771958605984628,0.32280413940153735
284,-1,-0.23876298743016836,0.6804359094048938,0.31956409059510626
349,-1,-0.25250395460175756,0.6901895976280709,0.309810402371929
206,-1,-0.25394420626639636,0.6912023896755062,0.3087976103244937
342,-1,-0.25494930087058265,0.6919080907368634,0.30809190926313673
231,-1,-0.2622088646243491,0.696978479963148,0.30302152003685207
60,-1,-0.26550142620759,0.699262531942484,0.3007374680575159
115,-1,-0.2713988707319334,0.7033289404967548,0.2966710595032451
11,-1,-0.28358172696911277,0.7116275971826688,0.2883724028173311
289,-1,-0.28649570276381364,0.7135919425651035,0.28640805743489633
157,-1,-0.2980432122185292,0.7212968837072975,0.2787031162927026
208,-1,-0.3038485475956433,0.7251220172047326,0.2748779827952674
123,-1,-0.3122850021324215,0.730622310252756,0.2693776897472439
230,-1,-0.3126264321010616,0.7308434427814118,0.26915655721858817
9,-1,-0.3441567374375656,0.7507640949806077,0.24923590501939233
189,-1,-0.34507765025656867,0.7513308701071281,0.24866912989287182
333,-1,-0.34743837328038374,0.7527798324021584,0.24722016759784168
214,-1,-0.34797127053431204,0.753106127960846,0.2468938720391541
216,-1,-0.35067104897593143,0.7547547626691757,0.24524523733082423
134,-1,-0.37494456360994277,0.7692414751232932,0.23075852487670687
220,-1,-0.3758881734144697,0.769792355834306,0.23020764416569406
140,-1,-0.3814695088859705,0.7730318713409019,0.2269681286590981
293,-1,-0.3902325725430704,0.778052862400731,0.22194713759926907
217,-1,-0.395942276477619,0.78128138502453,0.21871861497547013
141,-1,-0.40029435841308486,0.7837194446965124,0.21628055530348764
224,-1,-0.4045906289594529,0.786106878726565,0.21389312127343493
260,-1,-0.418053983949548,0.7934638245629645,0.20653617543703565
292,-1,-0.43459141864739714,0.8022421355924529,0.19775786440754684
360,-1,-0.43517641434480225,0.8025474498731529,0.19745255012684707
92,-1,-0.43538650579760396,0.8026570116363321,0.19734298836366787
66,-1,-0.4370395771021127,0.8035174814569662,0.1964825185430339
166,-1,-0.4466369335231078,0.8084571622407072,0.1915428377592929
364,-1,-0.44689669208405897,0.8085895312837145,0.1914104687162854
188,-1,-0.45547545830886066,0.8129219483245096,0.18707805167549044
359,-1,-0.46019053577686814,0.8152708028024865,0.1847291971975136
365,-1,-0.4613049668857364,0.8158226217565845,0.18417737824341543
256,-1,-0.46261401167382604,0.8164691741110334,0.18353082588896677
59,-1,-0.46385493024830654,0.8170804523303757,0.18291954766962426
286,-1,-0.4641155062833883,0.8172086115224655,0.18279138847753454
357,-1,-0.46465775706246715,0.8174750834097704,0.18252491659022946
86,-1,-0.46472150352469044,0.8175063897518152,0.18249361024818475
143,-1,-0.4659352684756794,0.818101682748952,0.181898317251048
294,-1,-0.468573283394842,0.8193902915269575,0.1806097084730425
147,-1,-0.47858810708916955,0.8242175029855078,0.1757824970144923
332,-1,-0.48064148634962117,0.8251946122362165,0.17480538776378324
221,-1,-0.4846402612837167,0.827085151994549,0.1729148480054508
285,-1,-0.48758598762881905,0.8284674614662211,0.171532538533779
363,-1,-0.49600488760794437,0.8323697879946215,0.16763021200537861
232,-1,-0.49740640552409554,0.8330124909222587,0.16698750907774132
290,-1,-0.49901637204814137,0.833748350255841,0.16625164974415887
213,-1,-0.5007483004851834,0.8345370531936063,0.1654629468063937
288,-1,-0.5021922146410573,0.8351923020325106,0.16480769796748934
180,-1,-0.5053730112269659,0.8366283991356172,0.16337160086438313
48,-1,-0.5159714881754708,0.8413408639059076,0.15865913609409246
303,-1,-0.5166364632590905,0.8416328267307268,0.15836717326927308
183,-1,-0.5175402536367852,0.8420289439536824,0.15797105604631742
331,-1,-0.5178535974188168,0.8421660896185915,0.15783391038140843
261,-1,-0.5208668074533134,0.8434799894680046,0.15652001053199563
185,-1,-0.5270285875968606,0.8461390660567722,0.15386093394322786
38,-1,-0.529432913994362,0.8471665691017215,0.15283343089827867
70,-1,-0.5302572010971961,0.8475175362558977,0.15248246374410257
109,-1,-0.5361343196757387,0.8500007820477294,0.14999921795227047
302,-1,-0.5404630200073756,0.8518084066093231,0.14819159339067675
111,-1,-0.5476860584691228,0.8547845774838689,0.14521542251613104
17,-1,-0.5479991772702669,0.8549124655660763,0.14508753443392383
356,-1,-0.5539629572775051,0.8573304561717535,0.1426695438282464
77,-1,-0.5573256595544411,0.8586789832129974,0.14132101678700246
255,-1,-0.5693611792866123,0.8634184482556186,0.13658155174438139
239,-1,-0.5721581845577849,0.8645005388804762,0.13549946111952368
362,-1,-0.5733922185646845,0.8649756526019998,0.13502434739800012
296,-1,-0.5744817160674648,0.865393949298951,0.1346060507010492
83,-1,-0.5789865754555005,0.8671119202899573,0.13288807971004257
327,-1,-0.5846222194497653,0.8692349480216591,0.13076505197834093
15,-1,-0.58464429893907,0.8692432087271108,0.1307567912728894
182,-1,-0.5867983869691844,0.8700469986579817,0.12995300134201812
326,-1,-0.5880868308738517,0.8705257651809125,0.12947423481908749
5,-1,-0.5897862452613748,0.8711549451310866,0.12884505486891332
144,-1,-0.5992630310608597,0.8746159412444254,0.12538405875557465
254,-1,-0.6030558869914086,0.8759786563290823,0.12402134367091759
325,-1,-0.6084386588783284,0.8778907634949782,0.12210923650502181
361,-1,-0.6091616312555387,0.8781456408388384,0.12185435916116162
79,-1,-0.6143127004510666,0.8799483686575074,0.120051631342493
30,-1,-0.6153513727994682,0.8803090725001343,0.1196909274998654
152,-1,-0.6169112152046969,0.8808490058277376,0.11915099417226234
112,-1,-0.6217974877262843,0.8825267530881022,0.11747324691189777
28,-1,-0.6238368016628787,0.883220892594309,0.11677910740569111
8,-1,-0.6386804722896202,0.8881667958486492,0.11183320415135062
145,-1,-0.638883915790457,0.8882332936767082,0.11176670632329166
2,-1,-0.6434937005619844,0.8897308121972188,0.11026918780278107
40,-1,-0.6468440804398488,0.8908081480117529,0.10919185198824728
18,-1,-0.6490088956467971,0.8914993371403573,0.10850066285964273
93,-1,-0.6568302915537592,0.8939646369249091,0.10603536307509064
252,-1,-0.6577811434143672,0.8942609560097701,0.10573904399023006
146,-1,-0.6587577015458628,0.8945645258011677,0.10543547419883217
37,-1,-0.6616281437818989,0.8954523749772163,0.10454762502278352
36,-1,-0.6669953423113627,0.8970947817174657,0.10290521828253439
33,-1,-0.6702323660042557,0.8980742605630919,0.10192573943690816
71,-1,-0.6742497176866307,0.8992783555370434,0.10072164446295645
107,-1,-0.677292983402404,0.9001820691112322,0.09981793088876789
151,-1,-0.6815137973844735,0.9014235253628717,0.09857647463712825
69,-1,-0.6817456596850793,0.9014913223534545,0.09850867764654536
154,-1,-0.6911180849628491,0.9041972670304617,0.09580273296953859
106,-1,-0.6944069387180172,0.9051309433321416,0.0948690566678583
218,-1,-0.7035204127965262,0.9076757372145572,0.09232426278544285
80,-1,-0.7036722123850037,0.907717601121763,0.092282398878237
233,-1,-0.7041145937937079,0.9078395056150357,0.0921604943849644
226,-1,-0.7080207241881914,0.9089096300819328,0.09109036991806718
219,-1,-0.7145438370300329,0.9106717931072157,0.08932820689278428
39,-1,-0.7148093982885021,0.9107428768540912,0.08925712314590878
153,-1,-0.7186033256807615,0.9117528528620048,0.08824714713799536
258,-1,-0.7232203959415401,0.9129680247889119,0.08703197521108809
238,-1,-0.7268901005630585,0.9139230397173989,0.08607696028260106
160,-1,-0.7270018230591259,0.9139519652918038,0.08604803470819623
301,-1,-0.7301320587346474,0.9147588287415896,0.08524117125841017
229,-1,-0.730454549694333,0.9148415645008963,0.08515843549910376
113,-1,-0.7320339718606321,0.9152457177483888,0.08475428225161126
311,-1,-0.732162281710351,0.9152784739908674,0.0847215260091327
165,-1,-0.7363887941531875,0.9163510577340314,0.0836489422659683
34,-1,-0.7378201692884113,0.9167114992119471,0.08328850078805287
14,-1,-0.7446181078235329,0.9184041097557468,0.08159589024425302
89,-1,-0.7455491985081755,0.918633485771725,0.08136651422827516
187,-1,-0.7512658759264125,0.920028960559783,0.0799710394402171
330,-1,-0.7520802947098966,0.9202259775999567,0.07977402240004328
253,-1,-0.7568555541161219,0.9213722705398496,0.07862772946015037
3,-1,-0.7580550594530813,0.921657833112187,0.0783421668878132
328,-1,-0.7661082765018158,0.9235505816083202,0.07644941839167979
108,-1,-0.7716299636382113,0.9248240113697798,0.07517598863022011
181,-1,-0.7727148300176073,0.9250719055536882,0.07492809444631177
222,-1,-0.7742987501921822,0.9254324856180013,0.07456751438199885
167,-1,-0.774370789699314,0.9254488474511324,0.07455115254886757
291,-1,-0.7766337686762866,0.9259611443988687,0.07403885560113133
72,-1,-0.77693357912773,0.9260287725144243,0.07397122748557566
299,-1,-0.7774736968852078,0.9261504632292923,0.07384953677070741
300,-1,-0.7788354603602146,0.9264564566559013,0.07354354334409856
297,-1,-0.7831872252822649,0.9274265047912166,0.07257349520878341
305,-1,-0.7867495552508149,0.9282117875865457,0.07178821241345436
227,-1,-0.7907685164732533,0.9290883140733046,0.07091168592669549
75,-1,-0.7914581608376349,0.9292377267784324,0.07076227322156774
304,-1,-0.7920879839793897,0.9293739249587742,0.07062607504122578
257,-1,-0.792177866783034,0.9293933421999339,0.07060665780006611
225,-1,-0.7941350940824103,0.9298149374894871,0.07018506251051299
184,-1,-0.8024396157344073,0.9315779960972084,0.06842200390279161
148,-1,-0.8103959869269761,0.933228569187187,0.06677143081281296
237,-1,-0.811293173467141,0.9334123568210456,0.0665876431789546
186,-1,-0.8131055121088623,0.933782180098183,0.06621781990181706
298,-1,-0.8182244504611467,0.9348164593723799,0.06518354062762025
114,-1,-0.8208952046579393,0.9353500999942047,0.06464990000579522
73,-1,-0.8250329395298382,0.9361688303729473,0.06383116962705258
318,-1,-0.8260890112221917,0.9363762416296434,0.06362375837035679
259,-1,-0.8300308222796587,0.9371448724133391,0.06285512758666086
310,-1,-0.8336996240832623,0.9378524761597692,0.062147523840231055
91,-1,-0.8518792165472585,0.9386314356117652,0.06136856438823468
177,-1,-0.8571546396387357,0.9396554312518761,0.06034456874812406
179,-1,-0.8571597774433064,0.9396564206465844,0.06034357935341573
12,-1,-0.8575071644041433,0.9397232820309289,0.06027671796907102
31,-1,-0.8602433957660067,0.9402474873174158,0.0597525126825842
309,-1,-0.8723799178595951,0.9425211381677614,0.057478861832238624
32,-1,-0.8750993611363737,0.9430192489189464,0.05698075108105353
110,-1,-0.8832538259425047,0.9444884452412324,0.05551155475876765
103,-1,-0.8843358749851828,0.944680673492413,0.05531932650758689
78,-1,-0.8920841926338413,0.9460387913032395,0.053961208696760514
324,-1,-0.8946215019376378,0.9464765839265848,0.053523416073415125
4,-1,-0.897471339048586,0.9469642620695724,0.05303573793042756
16,-1,-0.9072632173559336,0.948607763951028,0.05139223604897199
240,-1,-0.909677524671634,0.9490054409762549,0.050994559023745084
164,-1,-0.9201261465009775,0.9506927679822854,0.04930723201771447
149,-1,-0.9295563038798431,0.9521695046848917,0.047830495315108454
35,-1,-0.9300320980397667,0.9522428744523924,0.04775712554760745
323,-1,-0.9320341565431296,0.95255041649411,0.0474495835058899
104,-1,-0.9457737143264854,0.9546100859088797,0.045389914091120226
308,-1,-0.9457794276337106,0.9546109241638056,0.0453890758361945
81,-1,-0.9467406840675988,0.9547517467887067,0.04524825321129341
7,-1,-0.9596131312754991,0.9565973218511148,0.04340267814888518
29,-1,-0.9626540484242316,0.9570225529732979,0.04297744702670213
24,-1,-0.9682711059919321,0.9577974295576055,0.04220257044239452
74,-1,-0.9686802187555211,0.9578533345268607,0.04214666547313923
90,-1,-0.9692479134955154,0.9579307906128995,0.04206920938710048
156,-1,-0.9702124258771291,0.9580620718233285,0.041937928176671586
6,-1,-0.9822575145607128,0.9596684139103914,0.040331586089608726
329,-1,-0.9873966004225607,0.9603354163746468,0.0396645836253531
228,-1,-0.9919494140179216,0.9609173485292067,0.039082651470793366
247,-1,-1.001935971433003,0.9621648276808511,0.03783517231914899
82,-1,-1.0055462322590663,0.9626061796634978,0.03739382033650207
102,-1,-1.0066599437746306,0.9627413131692991,0.037258686830700966
98,-1,-1.0112690284550232,0.9632955097721693,0.03670449022783067
22,-1,-1.0119294259063392,0.9633742536343578,0.03662574636564222
155,-1,-1.0121506192688683,0.9634005911688434,0.036599408831156574
234,-1,-1.020173862941833,0.9643435074741287,0.035656492525871414
175,-1,-1.0229980505498282,0.9646697284585655,0.03533027154143445
161,-1,-1.0300004323601313,0.9654660237969426,0.03453397620305745
23,-1,-1.0319136557969615,0.9656805170090846,0.034319482990915494
105,-1,-1.0353606999513207,0.9660636789546966,0.03393632104530331
244,-1,-1.0365658027895839,0.9661966426650404,0.0338033573349596
316,-1,-1.0409090235477398,0.966671623625838,0.03332837637416198
171,-1,-1.0484124197337912,0.9674768287671277,0.03252317123287229
236,-1,-1.0534197777460685,0.9680035238469177,0.03199647615308212
322,-1,-1.0634032465942456,0.9690287440319061,0.03097125596809401
97,-1,-1.065358224113489,0.9692256897388862,0.030774310261113703
19,-1,-1.071440663400526,0.9698305939974435,0.03016940600255649
88,-1,-1.0779697847624743,0.9704669026513028,0.029533097348697142
162,-1,-1.0790037361838691,0.9705664492528354,0.029433550747164614
312,-1,-1.0877793149334765,0.9713981437591374,0.02860185624086256
87,-1,-1.0920904189802945,0.9717981970389538,0.028201802961046227
21,-1,-1.0952680020684955,0.9720895276037584,0.027910472396241642
163,-1,-1.1111222448435873,0.9734993132932571,0.026500686706742906
20,-1,-1.1352510439900414,0.975510994054127,0.024489005945873017
13,-1,-1.136011491459724,0.9755718770999127,0.024428122900087442
251,-1,-1.14701443912979,0.9764362163510071,0.02356378364899281
94,-1,-1.1645062418593506,0.977748361138099,0.02225163886190095
295,-1,-1.1646861155337322,0.9777614711420073,0.0222385288579927
173,-1,-1.1841092316185524,0.9791329742583315,0.020867025741668453
99,-1,-1.2024233065097354,0.98034917686867,0.01965082313133012
249,-1,-1.2121929909463312,0.9809689039010139,0.019031096098986202
95,-1,-1.2181418284892997,0.9813367101301707,0.01866328986982932
320,-1,-1.220262497634629,0.98146611253076,0.018533887469240038
245,-1,-1.2247178794815805,0.9817350811176837,0.01826491888231622
172,-1,-1.2387109324131498,0.9825548596194277,0.017445140380572453
1,-1,-1.2551104222464913,0.9834691591872906,0.016530840812709367
319,-1,-1.2571413691448212,0.9835790182987038,0.01642098170129618
176,-1,-1.2577275502625758,0.9836105910288439,0.016389408971156216
315,-1,-1.2579567056333643,0.9836229173054218,0.016377082694578177
250,-1,-1.2586530598788366,0.9836603176513352,0.016339682348664772
168,-1,-1.2591404503474817,0.9836864442337188,0.016313555766281296
96,-1,-1.2643646101335104,0.9839638879879228,0.0160361120120772
248,-1,-1.2749836760379347,0.9845134514891544,0.015486548510845648
243,-1,-1.2774383619636136,0.9846377959013475,0.015362204098652427
246,-1,-1.2792160672291306,0.98472722615787,0.015272773842130064
170,-1,-1.3034558674678156,0.9858961518522477,0.01410384814775229
317,-1,-1.316858435155515,0.986503749916825,0.01349625008317501
150,-1,-1.3327183921688095,0.9871891370516273,0.012810862948372666
178,-1,-1.3445352108699924,0.9876771411620823,0.012322858837917798
306,-1,-1.3560992989202405,0.9881367555264875,0.0118632444735125
100,-1,-1.363828295481545,0.9884343718272122,0.011565628172787897
307,-1,-1.364536310049391,0.9884612597445149,0.011538740255485102
169,-1,-1.388890401106118,0.9893491381836939,0.010650861816306116
26,-1,-1.3889319378689466,0.9893505927092754,0.010649407290724642
25,-1,-1.4052409081907073,0.9899066467392345,0.010093353260765553
314,-1,-1.4214136215625495,0.9904294324729735,0.009570567527026582
76,-1,-1.4216822020708535,0.9904378822401662,0.009562117759833741
241,-1,-1.4255938898058291,0.9905601064647398,0.009439893535260252
235,-1,-1.4298760096313252,0.9906921176974022,0.00930788230259779
242,-1,-1.4344981162667307,0.9908325425780741,0.009167457421925977
223,-1,-1.4457021341664216,0.9911642179941955,0.008835782005804442
174,-1,-1.4620173188975256,0.9916258894731433,0.008374110526856533
313,-1,-1.4682903020681821,0.9917969142859683,0.008203085714031624
27,-1,-1.4932749121725077,0.9924441639149475,0.007555836085052528
101,-1,-1.4963218688345161,0.9925195244919262,0.007480475508073931
321,-1,-1.6009120662335192,0.9946975901647388,0.005302409835261183
